<?xml version="1.0" encoding="UTF-8"?>
<project-private xmlns="http://www.netbeans.org/ns/project-private/1">
    <editor-bookmarks xmlns="http://www.netbeans.org/ns/editor-bookmarks/2" lastBookmarkId="0"/>
    <open-files xmlns="http://www.netbeans.org/ns/projectui-open-files/2">
        <group>
            <file>file:/C:/Users/Hp-PC/OneDrive/Documents/NetBeansProjects/Human/src/Assignment1prog/Question1.java</file>
            <file>file:/C:/Users/Hp-PC/OneDrive/Documents/NetBeansProjects/Human/test/Assignment1prog/HospitalManagementSystemTest.java</file>
            <file>file:/C:/Users/Hp-PC/OneDrive/Documents/NetBeansProjects/Human/src/Assignment1prog/HospitalManagementSystem.java</file>
            <file>file:/C:/Users/Hp-PC/OneDrive/Documents/NetBeansProjects/Human/test/Assignment1prog/StaffTest.java</file>
            <file>file:/C:/Users/Hp-PC/OneDrive/Documents/NetBeansProjects/Human/test/Assignment1prog/HospitalStaffTest.java</file>
            <file>file:/C:/Users/Hp-PC/OneDrive/Documents/NetBeansProjects/Human/test/Assignment1prog/VetStaffTest.java</file>
            <file>file:/C:/Users/Hp-PC/OneDrive/Documents/NetBeansProjects/Human/test/Assignment1prog/Question1Test.java</file>
        </group>
    </open-files>
</project-private>
